mes,trafego,trials,novos_pagantes,clientes_ativos,cust_lite,cust_trader,cust_pro,mrr,marketing,custo_ia,taxas_pag,cogs,folha,infra,opex_total,lucro_bruto,ebitda,depreciacao,impostos,lucro_liquido,caixa,arpu,ltv,cac
2025-11,1000,50,4,50,25,15,10,4822.5,1000.0,250.0,144.67,1394.68,16800.0,709.0,17509.0,4427.82,-13081.18,133.33,0.0,-13214.51,28785.49,96.45,2411.25,250.0
2025-12,1200,60,6,54,27,16,11,5208.3,1000.0,270.0,156.25,1426.25,16800.0,709.0,17509.0,4782.05,-12726.95,133.33,0.0,-12860.28,15925.21,96.45,2411.25,200.0
2026-01,1440,72,8,60,30,18,12,5771.57,1000.0,299.2,173.15,1472.35,16800.0,709.0,17509.0,5299.22,-12209.78,133.33,0.0,-12343.11,3582.1,96.45,2411.25,166.67
2026-02,1728,86,10,67,34,20,13,6505.21,1000.0,337.23,195.16,1532.39,16800.0,709.0,17509.0,5972.82,-11536.18,133.33,0.0,-11669.52,-8087.42,96.45,2411.25,142.86
2026-03,2073,104,14,79,39,24,16,7595.3,1000.0,393.74,227.86,1621.6,16800.0,709.0,17509.0,6973.7,-10535.3,133.33,0.0,-10668.64,-18756.06,96.45,2411.25,119.05
2026-04,2488,124,19,95,47,28,19,9124.04,1139.29,472.99,273.72,1886.01,16800.0,709.0,17509.0,8377.32,-9131.68,133.33,0.0,-9265.01,-28021.07,96.45,2411.25,100.64
2026-05,2985,149,22,113,56,34,23,10880.97,1368.61,564.07,326.43,2259.11,16800.0,709.0,17509.0,9990.47,-7518.53,133.33,0.0,-7651.86,-35672.93,96.45,2411.25,90.46
2026-06,3583,179,27,135,68,41,27,13049.88,1632.15,676.51,391.5,2700.15,16800.0,709.0,17509.0,11981.88,-5527.12,133.33,0.0,-5660.46,-41333.39,96.45,2411.25,83.09
2026-07,4299,215,32,162,81,49,32,15614.29,1957.48,809.45,468.43,3235.36,16800.0,709.0,17509.0,14336.41,-3172.59,133.33,0.0,-3305.92,-44639.31,96.45,2411.25,78.15
2026-08,5159,258,39,194,97,58,39,18751.27,2342.14,972.07,562.54,3876.75,16800.0,709.0,17509.0,17216.66,-292.34,133.33,0.0,-425.68,-45064.98,96.45,2411.25,74.25
2026-09,6191,310,46,233,116,70,47,22437.92,2812.69,1163.19,673.14,4649.02,16800.0,709.0,17509.0,20601.59,3092.59,133.33,185.56,2773.7,-42291.28,96.45,2411.25,71.6
2026-10,7430,372,56,279,140,84,56,26941.6,3365.69,1396.66,808.25,5570.6,30240.0,709.0,30949.0,24736.69,-6212.31,133.33,0.0,-6345.64,-48636.93,96.45,2411.25,69.32
2026-11,8916,446,67,335,168,101,67,32326.09,4041.24,1675.8,969.78,6686.82,30240.0,709.0,30949.0,29680.51,-1268.49,133.33,0.0,-1401.82,-50038.75,96.45,2411.25,65.49
2026-12,10699,535,80,402,201,121,80,38749.04,4848.91,2008.76,1162.47,8020.15,30240.0,709.0,30949.0,35577.81,4628.81,133.33,277.73,4217.75,-45821.0,96.45,2411.25,63.11
2027-01,12839,642,96,482,241,145,96,46458.28,5812.36,2408.41,1393.75,9614.52,30240.0,709.0,30949.0,42656.12,11707.12,133.33,702.43,10871.36,-34949.64,96.45,2411.25,61.65
2027-02,15407,770,116,578,289,174,116,55788.15,6968.74,2892.08,1673.64,11534.46,30240.0,709.0,30949.0,51222.43,20273.43,133.33,1216.41,18923.69,-16025.95,96.45,2411.25,60.73
2027-03,18488,924,139,694,347,208,139,66963.17,8368.22,3471.39,2008.9,13848.51,30240.0,709.0,30949.0,61482.89,30533.89,133.33,1832.03,28568.52,12542.57,96.45,2411.25,60.43
2027-04,22186,1109,166,833,416,250,167,80295.35,10044.48,4162.54,2408.86,16615.87,38640.0,709.0,39349.0,73723.95,34374.95,133.33,2062.5,32179.12,44721.68,96.45,2411.25,60.45
2027-05,26623,1331,200,999,500,300,200,96373.53,12044.3,4996.04,2891.21,19931.54,38640.0,709.0,39349.0,88486.29,49137.29,133.33,2948.24,46055.72,90777.4,96.45,2411.25,60.37
2027-06,31947,1597,240,1199,600,360,240,115666.59,14456.03,5996.19,3470.0,23922.22,38640.0,709.0,39349.0,106200.4,66851.4,133.33,4011.08,62706.98,153484.39,96.45,2411.25,60.35
2027-07,38337,1917,288,1439,720,432,288,138817.53,17349.99,7196.35,4164.53,28710.86,38640.0,709.0,39349.0,127456.66,88107.66,133.33,5286.46,82687.86,236172.25,96.45,2411.25,60.31
2027-08,46005,2300,345,1727,863,518,345,166540.08,20822.63,8633.49,4996.2,34452.32,38640.0,709.0,39349.0,152910.38,113561.38,133.33,6813.68,106614.37,342786.62,96.45,2411.25,60.32
2027-09,55206,2760,414,2072,1036,621,414,199808.77,24981.01,10358.15,5994.26,41333.43,38640.0,709.0,39349.0,183456.36,144107.36,133.33,8646.44,135327.58,478114.2,96.45,2411.25,60.31
2027-10,66247,3312,497,2486,1243,746,497,239752.07,29971.32,12428.83,7192.56,49592.71,38640.0,709.0,39349.0,220130.68,180781.68,133.33,10846.9,169801.45,647915.65,96.45,2411.25,60.31
2027-11,79496,3975,596,2982,1491,895,596,287646.19,35962.81,14911.67,8629.39,59503.87,38640.0,709.0,39349.0,264105.13,224756.13,133.33,13485.37,211137.43,859053.08,96.45,2411.25,60.32
2027-12,95396,4770,716,3579,1790,1074,716,345198.54,43146.93,17895.21,10355.96,71398.09,38640.0,709.0,39349.0,316947.38,277598.38,133.33,16655.9,260809.14,1119862.22,96.45,2411.25,60.3
2028-01,114475,5724,859,4295,2147,1288,859,414241.15,51779.78,21474.4,12427.23,85681.41,38640.0,709.0,39349.0,380339.52,340990.52,133.33,20459.43,320397.75,1440259.97,96.45,2411.25,60.29
2028-02,137370,6869,1030,5153,2577,1546,1031,497015.0,62136.17,25765.42,14910.45,102812.05,38640.0,709.0,39349.0,456339.13,416990.13,133.33,25019.41,391837.39,1832097.36,96.45,2411.25,60.3
2028-03,164844,8242,1236,6183,3091,1855,1237,596346.6,74552.25,30914.81,17890.4,123357.45,38640.0,709.0,39349.0,547541.4,508192.4,133.33,30491.54,477567.52,2309664.89,96.45,2411.25,60.31
2028-04,197813,9891,1484,7420,3710,2226,1484,715624.54,89451.99,37098.21,21468.74,148018.94,38640.0,709.0,39349.0,657057.59,617708.59,133.33,37062.52,580512.74,2890177.63,96.45,2411.25,60.3
2028-05,237376,11869,1780,8903,4451,2671,1781,858680.56,107343.68,44514.29,25760.42,177618.38,38640.0,709.0,39349.0,788405.86,749056.86,133.33,44943.41,703980.11,3594157.74,96.45,2411.25,60.3
2028-06,284851,14243,2136,10683,5341,3205,2137,1030350.54,128802.08,53413.71,30910.52,213126.31,38640.0,709.0,39349.0,946026.31,906677.31,133.33,54400.64,852143.33,4446301.08,96.45,2411.25,60.3
2028-07,341821,17091,2564,12819,6410,3846,2564,1236434.31,154552.58,64097.17,37093.03,255742.78,38640.0,709.0,39349.0,1135244.12,1095895.12,133.33,65753.71,1030008.08,5476309.16,96.45,2411.25,60.3
2028-08,410186,20509,3076,15383,7691,4615,3077,1483657.14,185465.15,76913.28,44509.71,306888.14,38640.0,709.0,39349.0,1362234.15,1322885.15,133.33,79373.11,1243378.71,6719687.86,96.45,2411.25,60.3
2028-09,492223,24611,3692,18459,9230,5538,3692,1780404.26,222548.57,92296.75,53412.13,368257.45,38640.0,709.0,39349.0,1634695.38,1595346.38,133.33,95720.78,1499492.27,8219180.13,96.45,2411.25,60.29
2028-10,590668,29533,4430,22151,11075,6645,4430,2136461.59,267060.64,110754.88,64093.85,441909.36,38640.0,709.0,39349.0,1961612.86,1922263.86,133.33,115335.83,1806794.7,10025974.83,96.45,2411.25,60.29
