mes,trafego_total,trafego_pago,trafego_organico,trials_total,trials_pagos,trials_organicos,novos_pagantes_total,novos_ads,novos_organicos,novos_afiliados,reativacoes,taxa_trafego_trial,taxa_trial_pago,eficiencia_time,usuarios_ativos,usuarios_lite,usuarios_trader,usuarios_pro,churn_usuarios,churn_mrr,upgrades_lite_trader,expansion_mrr,mrr_cohort_m0,cogs_recorrente,churn_mrr_cohort_m0,receita_bruta,receita_assinaturas,receita_b2b,receita_lite,receita_trader,receita_pro,mrr,arr,arpu,crescimento_mrr_mom,crescimento_mrr_yoy,net_new_mrr,impostos,aliquota_efetiva,taxas_pagamento,inadimplencia,chargeback,total_deducoes,receita_liquida,custo_ia_lite,custo_ia_trader,custo_ia_pro,custo_ia_total,comissao_afiliados,custo_suporte_variavel,total_cogs,margem_bruta,margem_bruta_pct,custo_infra_fixo,infra_tier_ativo,headcount_total,headcount_fundadores,headcount_dev,headcount_cs,custo_pessoal,salarios_brutos,encargos,gasto_marketing,gasto_instagram,gasto_facebook,gasto_youtube,gasto_google,cpc_blended,custo_escritorio,custo_contabilidade,despesas_viagens,despesas_conselho,despesas_freelancer,despesas_beneficios,total_opex,margem_contribuicao,margem_contribuicao_pct,ebitda,ebitda_margin,depreciacao,ebit,ebit_margin,lucro_liquido,margem_liquida,fluxo_operacional,fluxo_investimento,fluxo_financiamento,aportes_capital,capex,distribuicao_lucros,caixa,burn_rate,runway_meses,ltv,cac_blended,cac_paid,ltv_cac,payback_meses,payback_semanas,vida_media_cliente,churn_rate,retention_rate,regra_40,burn_multiple,trafego_potencial_perdido,saturacao_mercado
1,1080.0240444209355,742.5742574257425,337.44978699519294,59.941796280452714,0.0,0.0,3.0,2.0,1.0,0.0,0.0,0.0,0.0,0.5,8.0,4.0,3.0,1.0,0.0,0.0,0.0,0.0,509.5,36.5,0.0,749.2,0.0,0.0,279.6,299.70000000000005,169.9,749.2,8990.400000000001,93.65,0.0,0.0,0.0,44.952,0.06,21.593817,41.20600000000001,3.7460000000000004,111.49781700000001,637.702183,10.0,13.5,13.0,36.5,0.0,0.0,36.5,601.202183,80.2458866791244,860.0,1.0,0.0,0.0,0.0,0.0,0.0,0.0,0.0,1500.0,525.0,300.0,525.0,150.0,2.02,0.0,0.0,0.0,0.0,0.0,0.0,2360.0,0.0,0.0,-1758.7978170000001,-234.756782835024,0.041666666666666664,-1758.8394836666669,0.0,-1758.8394836666669,-234.76234432283326,-1758.7978170000001,-1.0,0.0,2000.0,-1.0,0.0,4240.202182999999,1759.7978170000001,2.602795488216892,626.2522739583334,500.0,0.0,1.2525045479166668,6.653335788037217,0.0,0.0,0.12,0.88,-234.756782835024,0.0,0.0,0.0
2,1012.1189006558923,742.5742574257425,269.5446432301498,56.54653909220056,0.0,0.0,2.0,2.0,0.0,0.0,0.0,0.0,0.0,0.56,10.0,5.0,4.0,1.0,0.0,0.0,0.0,0.0,0.0,43.5,0.0,919.0,0.0,0.0,349.5,399.6,169.9,919.0,11028.0,91.9,0.0,0.0,0.0,55.14,0.06,26.487877500000003,50.54500000000001,4.595,136.7678775,782.2321225000001,12.5,18.0,13.0,43.5,0.0,0.0,43.5,738.7321225000001,80.38434412404789,860.0,1.0,0.0,0.0,0.0,0.0,0.0,0.0,0.0,1500.0,525.0,300.0,525.0,150.0,2.02,0.0,0.0,0.0,0.0,0.0,0.0,2360.0,0.0,0.0,-1621.2678775,-176.41652638737756,0.041666666666666664,-1621.3095441666667,0.0,-1621.3095441666667,-176.42106030105188,-1621.2678775,0.0,0.0,2000.0,0.0,0.0,4618.934305499999,1621.2678775,1.9217534035781147,623.4026350210971,750.0,0.0,0.8312035133614628,10.152529951748509,0.0,0.0,0.1185,0.8815,-153.75235126724942,0.0,31.5,0.0
3,1268.7735481594432,742.5742574257425,526.1992907337008,69.3792714673781,0.0,0.0,4.0,3.0,1.0,0.0,0.0,0.0,0.0,0.62,13.0,6.0,5.0,2.0,1.0,91.9,0.0,0.0,0.0,63.5,0.0,1258.7,0.0,0.0,419.40000000000003,499.5,339.8,1258.7,15104.400000000001,96.82307692307693,0.0,0.0,0.0,75.522,0.06,36.278880750000006,69.22850000000001,6.293500000000001,187.32288075000002,1071.37711925,15.0,22.5,26.0,63.5,0.0,0.0,63.5,1007.8771192500001,80.07286241757369,860.0,1.0,0.0,0.0,0.0,0.0,0.0,0.0,0.0,1500.0,525.0,300.0,525.0,150.0,2.02,0.0,0.0,0.0,0.0,0.0,0.0,2360.0,0.0,0.0,-1352.12288075,-107.42217214189242,0.041666666666666664,-1352.1645474166667,0.0,-1352.1645474166667,-107.42548243558167,-1352.12288075,0.0,0.0,2000.0,0.0,0.0,5266.811424749999,1352.12288075,2.173225262946152,662.6411040433926,375.0,0.0,1.7670429441157136,4.836899168449894,0.0,0.0,0.11699999999999999,0.883,-70.45808073819273,0.0,36.067499999999995,0.0
4,1257.3144306825134,742.5742574257425,514.740173256771,68.80631559353162,0.0,0.0,5.0,3.0,2.0,0.0,0.0,0.0,0.0,0.6799999999999999,17.0,8.0,6.0,3.0,1.0,96.82307692307693,0.0,0.0,0.0,86.0,0.0,1668.3000000000002,0.0,0.0,559.2,599.4000000000001,509.70000000000005,1668.3000000000002,20019.600000000002,98.13529411764706,0.0,0.0,0.0,100.09800000000001,0.06,48.08457675000001,91.75650000000002,8.341500000000002,248.28057675000002,1420.0194232500003,20.0,27.0,39.0,86.0,0.0,0.0,86.0,1334.0194232500003,79.9628018491878,860.0,1.0,0.0,0.0,0.0,0.0,0.0,0.0,0.0,1500.0,525.0,300.0,525.0,150.0,2.02,0.0,0.0,0.0,0.0,0.0,0.0,2360.0,0.0,0.0,-1025.9805767499997,-61.49856601030987,0.041666666666666664,-1026.0222434166665,0.0,-1026.0222434166665,-61.501063562708524,-1025.9805767499997,0.0,0.0,2000.0,0.0,0.0,6240.830848,1025.9805767499997,2.5514435192150446,679.4089244970718,300.0,0.0,2.2646964149902393,3.8230327918128375,0.0,0.0,0.11549999999999999,0.8845000000000001,-28.957054927446592,0.0,41.29728749999998,0.0
5,1360.8847574565052,742.5742574257425,618.3105000307628,73.9848319322312,0.0,0.0,5.0,3.0,2.0,0.0,0.0,0.0,0.0,0.74,21.0,11.0,7.0,3.0,1.0,98.13529411764706,0.0,0.0,0.0,98.0,0.0,1977.9000000000003,0.0,0.0,768.9000000000001,699.3000000000001,509.70000000000005,1977.9000000000003,23734.800000000003,94.1857142857143,0.0,0.0,0.0,118.67400000000002,0.06,57.008022750000016,108.78450000000004,9.889500000000002,294.3560227500001,1683.5439772500004,27.5,31.5,39.0,98.0,0.0,0.0,98.0,1585.5439772500004,80.16300001263967,860.0,1.0,0.0,0.0,0.0,0.0,0.0,0.0,0.0,1500.0,525.0,300.0,525.0,150.0,2.02,0.0,0.0,0.0,0.0,0.0,0.0,2360.0,0.0,0.0,-774.4560227499996,-39.155469070731556,0.041666666666666664,-774.4976894166663,0.0,-774.4976894166663,-39.15757568212074,-774.4560227499996,0.0,0.0,2000.0,0.0,0.0,7466.37482525,774.4560227499996,3.0375812958706265,662.2990715329994,300.0,0.0,2.207663571776665,3.9733997229940274,0.0,0.0,0.11399999999999999,0.886,-20.597655727807616,0.0,47.285394187499946,0.0
6,1364.2663193794456,742.5742574257425,621.6920619537029,74.15391002837822,0.0,0.0,6.0,4.0,2.0,0.0,0.0,0.0,0.0,0.8,25.0,12.0,9.0,4.0,2.0,188.3714285714286,0.0,0.0,0.0,122.5,0.0,2417.5,0.0,0.0,838.8000000000001,899.1,679.6,2417.5,29010.0,96.7,0.0,0.0,0.0,145.04999999999998,0.06,69.67839375,132.9625,12.0875,359.77839374999996,2057.72160625,30.0,40.5,52.0,122.5,0.0,0.0,122.5,1935.2216062500001,80.05053179937953,860.0,1.0,0.0,0.0,0.0,0.0,0.0,0.0,0.0,1500.0,525.0,300.0,525.0,150.0,2.02,0.0,0.0,0.0,0.0,0.0,0.0,2360.0,0.0,0.0,-424.77839374999985,-17.570978024819023,0.041666666666666664,-424.82006041666654,0.0,-424.82006041666654,-17.572701568424677,-424.77839374999985,0.0,0.0,2000.0,0.0,0.0,9041.5964315,424.77839374999985,3.6421335071500502,688.0787933333335,250.0,0.0,2.7523151733333338,3.229604289149611,0.0,0.0,0.11249999999999999,0.8875,4.654614775625873,0.0,54.141776344687514,0.0
7,1433.8419824704756,742.5742574257425,691.2677250447332,77.63269318292973,0.0,0.0,7.0,4.0,3.0,0.0,0.0,0.0,0.0,0.86,30.0,15.0,11.0,4.0,2.0,193.4,0.0,0.0,0.0,139.0,0.0,2827.0,0.0,0.0,1048.5,1098.9,679.6,2827.0,33924.0,94.23333333333333,0.0,0.0,0.0,169.62,0.06,81.48120750000001,155.485,14.135,420.7212075,2406.2787925000002,37.5,49.5,52.0,139.0,0.0,0.0,139.0,2267.2787925000002,80.20087698974179,860.0,1.0,0.0,0.0,0.0,0.0,0.0,0.0,0.0,1500.0,525.0,300.0,525.0,150.0,2.02,0.0,0.0,0.0,0.0,0.0,0.0,2360.0,0.0,0.0,-92.72120749999976,-3.279844623275549,0.041666666666666664,-92.76287416666644,0.0,-92.76287416666644,-3.281318506072389,-92.72120749999976,0.0,0.0,2000.0,0.0,0.0,10948.875224,92.72120749999976,4.381302610644258,680.8645022522525,214.28571428571428,0.0,3.177367677177178,2.83536874681521,0.0,0.0,0.11099999999999999,0.889,13.659141933084326,0.0,8.856047702095452,0.0
8,1444.4059797933255,742.5742574257425,701.8317223675831,78.16089304907223,0.0,0.0,7.0,4.0,3.0,0.0,0.0,0.0,0.0,0.9199999999999999,34.0,17.0,12.0,5.0,3.0,282.7,0.0,0.0,0.0,161.5,0.0,3236.6000000000004,0.0,0.0,1188.3000000000002,1198.8000000000002,849.5,3236.6000000000004,38839.200000000004,95.19411764705883,0.0,0.0,0.0,194.19600000000003,0.06,93.28690350000002,178.01300000000003,16.183000000000003,481.67890350000005,2754.9210965,42.5,54.0,65.0,161.5,0.0,0.0,161.5,2593.4210965,80.12794588457022,860.0,1.0,0.0,0.0,0.0,0.0,0.0,0.0,0.0,1500.0,525.0,300.0,525.0,150.0,2.02,0.0,0.0,0.0,0.0,0.0,0.0,2360.0,0.0,0.0,233.4210965000002,7.211922897485021,0.041666666666666664,233.37942983333355,0.0,233.37942983333355,7.210635538322113,233.4210965000002,0.0,0.0,2000.0,0.0,0.0,13182.2963205,0.0,5.227958088637716,696.5944390276659,214.28571428571428,0.0,3.2507740487957744,2.809306323430027,0.0,0.0,0.1095,0.8905,21.700780343540924,0.0,9.343130325710717,0.0
9,1382.5166183971546,742.5742574257425,639.9423609714121,75.06642497926367,0.0,0.0,8.0,5.0,3.0,0.0,0.0,0.0,0.0,0.98,39.0,19.0,14.0,6.0,3.0,285.5823529411765,0.0,0.0,0.0,188.5,0.0,3746.1000000000004,0.0,0.0,1328.1000000000001,1398.6000000000001,1019.4000000000001,3746.1000000000004,44953.200000000004,96.05384615384617,0.0,0.0,0.0,224.76600000000002,0.06,107.97196725000002,206.03550000000004,18.730500000000003,557.5039672500001,3188.59603275,47.5,63.0,78.0,188.5,0.0,0.0,188.5,3000.09603275,80.08585015749713,860.0,1.0,0.0,0.0,0.0,0.0,0.0,0.0,0.0,1500.0,525.0,300.0,525.0,150.0,2.02,0.0,0.0,0.0,0.0,0.0,0.0,2360.0,0.0,0.0,640.0960327500002,17.086998017938658,0.041666666666666664,640.0543660833335,0.0,640.0543660833335,17.085885750068964,640.0960327500002,0.0,0.0,2000.0,0.0,0.0,15822.39235325,0.0,6.2085118121443985,712.273512048908,187.5,0.0,3.7987920642608426,2.437421975888248,0.0,0.0,0.108,0.892,32.82882586197252,0.0,9.857002493624691,0.0
10,1532.0877265436702,742.5742574257425,789.5134691179278,82.54498038658946,0.0,0.0,9.0,5.0,4.0,0.0,0.0,0.0,0.0,1.0,44.0,22.0,15.0,7.0,4.0,384.21538461538466,0.0,0.0,0.0,213.5,0.0,4225.6,0.0,0.0,1537.8000000000002,1498.5,1189.3,4225.6,50707.200000000004,96.03636363636365,0.0,0.0,0.0,253.536,0.06,121.79235600000003,232.40800000000004,21.128000000000004,628.8643560000002,3596.7356440000003,55.0,67.5,91.0,213.5,0.0,0.0,213.5,3383.2356440000003,80.06521308216584,860.0,1.0,0.0,0.0,0.0,0.0,0.0,0.0,0.0,1500.0,525.0,300.0,525.0,150.0,2.02,0.0,0.0,0.0,0.0,0.0,0.0,2360.0,0.0,0.0,1023.2356440000003,24.215156285497923,0.041666666666666664,1023.1939773333337,0.0,1023.1939773333337,24.214170232235272,1023.2356440000003,0.0,0.0,2000.0,0.0,0.0,18845.627997249998,0.0,7.322956284146104,721.987973538199,166.66666666666666,0.0,4.331927841229194,2.167550269913547,0.0,0.0,0.1065,0.8935,37.015134929954826,0.0,10.399137630774135,0.0
11,1675.5639610780668,836.7524752475249,838.8114858305419,90.47221785588354,0.0,0.0,10.0,5.0,5.0,0.0,0.0,0.0,0.0,1.0,50.0,25.0,18.0,7.0,4.0,384.1454545454546,0.0,0.0,0.0,234.5,0.0,4735.0,0.0,0.0,1747.5000000000002,1798.2,1189.3,4735.0,56820.0,94.7,0.0,0.0,0.0,284.09999999999997,0.06,136.4745375,260.425,23.675,704.6745374999999,4030.3254625,62.5,81.0,91.0,234.5,0.0,0.0,234.5,3795.8254625,80.16526847940865,860.0,1.0,0.0,0.0,0.0,0.0,0.0,0.0,0.0,1690.2400000000002,591.5840000000001,338.04800000000006,591.5840000000001,169.02400000000003,2.02,0.0,0.0,0.0,0.0,0.0,0.0,2550.2400000000002,0.0,0.0,1245.5854624999997,26.305923178458286,0.041666666666666664,1245.543795833333,0.0,1245.543795833333,26.30504320661738,1245.5854624999997,0.0,0.0,0.0,0.0,0.0,20091.213459749997,0.0,7.214753786619216,723.0143738095239,169.02400000000003,0.0,4.277584093439534,2.2264458899629926,0.0,0.0,0.105,0.895,38.36101594634923,0.0,9.349931380432736,0.0
12,1872.4036115789845,937.6237623762377,934.779849202747,101.12117067795913,0.0,0.0,11.0,6.0,5.0,0.0,0.0,0.0,0.0,1.0,56.0,28.0,20.0,8.0,5.0,473.5,0.0,0.0,0.0,264.0,0.0,5314.400000000001,0.0,0.0,1957.2000000000003,1998.0,1359.2,5314.400000000001,63772.8,94.9,0.0,0.0,0.0,318.86400000000003,0.06,153.17429400000003,292.2920000000001,26.572000000000003,790.9022940000002,4523.497706,70.0,90.0,104.0,264.0,0.0,0.0,264.0,4259.497706,80.1501148953786,860.0,1.0,0.0,0.0,0.0,0.0,0.0,0.0,0.0,1894.0,662.9,378.8,662.9,189.4,2.02,0.0,0.0,0.0,0.0,0.0,0.0,2754.0,0.0,0.0,1505.497706,28.328648690350743,0.041666666666666664,1505.4560393333334,0.0,1505.4560393333334,28.327864657032464,1505.497706,0.0,0.0,0.0,0.0,0.0,21596.71116575,0.0,7.155967914430086,734.902985852312,172.1818181818182,0.0,4.268179960071506,2.2636898723057604,0.0,0.0,0.1035,0.8965,40.56518512118497,0.0,8.064720245654144,0.0
13,2073.0914794637997,1052.3564356435645,1020.7350438202351,112.0734254583385,0.0,0.0,13.0,7.0,6.0,0.0,0.0,0.0,0.0,1.0,64.0,32.0,22.0,10.0,5.0,474.5,0.0,0.0,0.0,309.0,0.0,6133.6,0.0,0.0,2236.8,2197.8,1699.0,6133.6,73603.20000000001,95.8375,0.0,0.0,0.0,368.016,0.06,176.78568600000003,337.34800000000007,30.668000000000003,912.8176860000001,5220.782314,80.0,99.0,130.0,309.0,0.0,0.0,309.0,4911.782314,80.07992555758446,860.0,1.0,0.0,0.0,0.0,0.0,0.0,0.0,0.0,2125.76,744.0160000000001,425.15200000000004,744.0160000000001,212.57600000000002,2.02,0.0,0.0,0.0,0.0,0.0,0.0,2985.76,0.0,0.0,1926.0223139999998,31.401172459893047,0.041666666666666664,1925.980647333333,0.0,1925.980647333333,31.40049314160253,1926.0223139999998,0.0,0.0,0.0,0.0,0.0,23522.73347975,0.0,7.139437616017555,752.417633884804,163.52,0.0,4.60137985497067,2.1306481702519524,0.0,0.0,0.102,0.898,46.81589472393038,0.0,0.0,0.0
14,1974.5594503524753,1214.5742574257426,759.9851929267328,108.4445665770297,0.0,0.0,12.0,8.0,4.0,0.0,0.0,0.0,0.0,1.0,70.0,35.0,25.0,10.0,6.0,575.0250000000001,0.0,0.0,0.0,330.0,0.0,6643.0,0.0,0.0,2446.5,2497.5,1699.0,6643.0,79716.0,94.9,0.0,0.0,0.0,398.58,0.06,191.4678675,365.36500000000007,33.215,988.6278675000001,5654.3721325,87.5,112.5,130.0,330.0,0.0,0.0,330.0,5324.3721325,80.1501148953786,860.0,1.0,0.0,0.0,0.0,0.0,0.0,0.0,0.0,2453.44,858.704,490.68800000000005,858.704,245.34400000000002,2.02,0.0,0.0,0.0,0.0,0.0,0.0,3313.44,0.0,0.0,2010.9321324999996,30.27144561944904,0.041666666666666664,2010.8904658333329,0.0,2010.8904658333329,30.270818392794414,2010.9321324999996,0.0,0.0,0.0,0.0,0.0,25533.66561225,0.0,7.008120241379026,756.8403884150675,204.45333333333335,0.0,3.7017757356938867,2.687966388745525,0.0,0.0,0.10049999999999999,0.8995,38.57651931189719,0.0,0.0,0.0
15,2617.846661694674,1315.4455445544556,1302.4011171402183,141.41589744116934,0.0,0.0,16.0,9.0,7.0,0.0,0.0,0.0,0.0,1.0,80.0,40.0,28.0,12.0,6.0,569.4000000000001,0.0,0.0,0.0,382.0,0.0,7632.000000000001,0.0,0.0,2796.0,2797.2000000000003,2038.8000000000002,7632.000000000001,91584.00000000001,95.4,0.0,0.0,0.0,457.92,0.06,219.97332000000003,419.7600000000001,38.160000000000004,1135.8133200000002,6496.186680000001,100.0,126.0,156.0,382.0,0.0,0.0,382.0,6114.186680000001,80.11250890985325,860.0,1.0,0.0,0.0,0.0,0.0,0.0,0.0,0.0,2657.2000000000003,930.02,531.44,930.02,265.72,2.02,0.0,0.0,0.0,0.0,0.0,0.0,3517.2000000000003,0.0,0.0,2596.9866800000004,34.02760324947589,0.041666666666666664,2596.945013333334,0.0,2596.945013333334,34.027057302585604,2596.9866800000004,0.0,0.0,0.0,0.0,0.0,28130.65229225,0.0,7.21446765804524,771.9932676767678,166.07500000000002,0.0,4.648461644900001,2.172979121402947,0.0,0.0,0.09899999999999999,0.901,48.915455123629144,0.0,0.0,0.0
16,2684.813996392285,1511.2871287128717,1173.5268676794135,146.33099684931722,0.0,0.0,17.0,10.0,7.0,0.0,0.0,0.0,0.0,1.0,90.0,45.0,31.0,14.0,7.0,667.8000000000001,0.0,0.0,0.0,434.0,0.0,8621.0,0.0,0.0,3145.5000000000005,3096.9,2378.6,8621.0,103452.0,95.78888888888889,0.0,0.0,0.0,517.26,0.06,248.47877250000002,474.1550000000001,43.105000000000004,1282.9987725,7338.0012275,112.5,139.5,182.0,434.0,0.0,0.0,434.0,6904.0012275,80.08353123187565,860.0,1.0,0.0,0.0,0.0,0.0,0.0,0.0,0.0,3052.8000000000006,1068.4800000000002,610.5600000000002,1068.4800000000002,305.2800000000001,2.02,0.0,0.0,0.0,0.0,0.0,0.0,3912.8000000000006,0.0,0.0,2991.2012274999993,34.69668515833429,0.041666666666666664,2991.1595608333328,0.0,2991.1595608333328,34.696201842400335,2991.2012274999993,0.0,0.0,0.0,0.0,0.0,31121.85351975,0.0,7.159716002519092,786.7807666666666,179.57647058823534,0.0,4.381313231568832,2.340944304668605,0.0,0.0,0.0975,0.9025,47.65528054617495,0.0,0.0,0.0
17,2987.568680563838,1707.1287128712872,1280.439967692551,163.03546373116222,0.0,0.0,18.0,11.0,7.0,0.0,0.0,0.0,0.0,1.0,100.0,50.0,35.0,15.0,8.0,766.3111111111111,0.0,0.0,0.0,477.5,0.0,9540.0,0.0,0.0,3495.0000000000005,3496.5,2548.5,9540.0,114480.0,95.4,0.0,0.0,0.0,572.4,0.06,274.96665,524.7,47.7,1419.76665,8120.23335,125.0,157.5,195.0,477.5,0.0,0.0,477.5,7642.73335,80.11250890985325,860.0,1.0,0.0,0.0,0.0,0.0,0.0,0.0,0.0,3448.4,1206.94,689.6800000000001,1206.94,344.84000000000003,2.02,0.0,0.0,0.0,0.0,0.0,0.0,4308.4,0.0,0.0,3334.333350000001,34.951083333333344,0.041666666666666664,3334.2916833333343,0.0,3334.2916833333343,34.95064657582112,3334.333350000001,0.0,0.0,0.0,0.0,0.0,34456.18686975,0.0,7.1995208570488325,796.1180572916667,191.57777777777778,0.0,4.155586657942814,2.5066657307595035,0.0,0.0,0.096,0.904,45.61109957274873,0.0,0.0,0.0
18,3074.79645206864,1889.1089108910892,1185.6875411775509,168.85269389056072,0.0,0.0,20.0,13.0,7.0,0.0,0.0,0.0,0.0,1.0,111.0,54.0,40.0,17.0,9.0,858.6,1.0,30.0,0.0,536.0,0.0,10658.900000000001,0.0,0.0,3774.6000000000004,3996.0,2888.3,10658.900000000001,127906.80000000002,96.02612612612614,0.0,0.0,0.0,639.5340000000001,0.06,307.21614525000007,586.2395000000001,53.294500000000006,1586.2841452500002,9072.615854750002,135.0,180.0,221.0,536.0,0.0,0.0,536.0,8536.615854750002,80.08908850584959,860.0,1.0,0.0,0.0,0.0,0.0,0.0,0.0,0.0,3816.0,1335.6,763.2,1335.6,381.6,2.02,0.0,0.0,0.0,0.0,0.0,0.0,4676.0,0.0,0.0,3860.6158547500017,36.21964606807458,0.041666666666666664,3860.5741880833352,0.0,3860.5741880833352,36.2192551584435,3860.6158547500017,0.0,0.0,0.0,0.0,0.0,38316.802724500005,0.0,7.35165056110898,813.8248586443589,190.8,0.0,4.265329447821587,2.4809362820532153,0.0,0.0,0.0945,0.9055,47.94815759847292,0.0,0.0,0.0
19,3408.1250541559198,2110.673267326733,1297.4517868291869,187.29163884640985,0.0,0.0,21.0,14.0,7.0,0.0,0.0,0.0,0.0,1.0,122.0,60.0,44.0,18.0,10.0,960.2612612612614,1.0,30.0,0.0,582.0,0.0,11647.800000000001,0.0,0.0,4194.0,4395.6,3058.2000000000003,11647.800000000001,139773.6,95.4737704918033,0.0,0.0,0.0,698.868,0.06,335.71871550000003,640.6290000000001,58.239000000000004,1733.4547155000005,9914.345284500001,150.0,198.0,234.0,582.0,0.0,0.0,582.0,9332.345284500001,80.12109827177665,860.0,1.0,0.0,0.0,0.0,0.0,0.0,0.0,0.0,4263.56,1492.246,852.7120000000001,1492.246,426.35600000000005,2.02,0.0,0.0,0.0,0.0,0.0,0.0,5123.56,0.0,0.0,4208.785284500001,36.13373585140542,0.041666666666666664,4208.743617833334,0.0,4208.743617833334,36.13337813006176,4208.785284500001,0.0,0.0,0.0,0.0,0.0,42525.58800900001,0.0,7.453359181044456,822.5229406398732,203.0266666666667,0.0,4.051304954882149,2.6541295438856447,0.0,0.0,0.093,0.907,45.411428671490036,0.0,0.0,0.0
20,3609.5530299209486,2306.4950495049507,1303.0579804159981,198.92961189208702,0.0,0.0,23.0,16.0,7.0,0.0,0.0,0.0,0.0,1.0,134.0,66.0,48.0,20.0,11.0,1050.211475409836,1.0,30.0,0.0,641.0,0.0,12806.600000000002,0.0,0.0,4613.400000000001,4795.200000000001,3398.0,12806.600000000002,153679.2,95.5716417910448,0.0,0.0,0.0,768.3960000000001,0.06,369.1182285000001,704.3630000000002,64.03300000000002,1905.9102285000004,10900.689771500001,165.0,216.0,260.0,641.0,0.0,0.0,641.0,10259.689771500001,80.11251832258367,860.0,1.0,0.0,0.0,0.0,0.0,0.0,0.0,0.0,4659.120000000001,1630.6920000000002,931.8240000000002,1630.6920000000002,465.9120000000001,2.02,0.0,0.0,0.0,0.0,0.0,0.0,5519.120000000001,0.0,0.0,4740.569771500001,37.016614647915915,0.041666666666666664,4740.528104833334,0.0,4740.528104833334,37.01628929484276,4740.569771500001,0.0,0.0,0.0,0.0,0.0,47266.157780500005,0.0,7.672928089144367,836.7743064595059,202.57043478260874,0.0,4.130782003590513,2.645736748909608,0.0,0.0,0.0915,0.9085,46.96527448067404,0.0,0.0,0.0
21,3726.8258959016493,2535.9603960396043,1190.8654998620452,206.6289779633993,0.0,0.0,24.0,17.0,7.0,0.0,0.0,0.0,0.0,1.0,146.0,72.0,52.0,22.0,12.0,1146.8597014925376,1.0,30.0,0.0,700.0,0.0,13965.400000000001,0.0,0.0,5032.8,5194.8,3737.8,13965.400000000001,167584.80000000002,95.65342465753426,0.0,0.0,0.0,837.9240000000001,0.06,402.5177415000001,768.0970000000002,69.82700000000001,2078.3657415000002,11887.034258500002,180.0,234.0,286.0,700.0,0.0,0.0,700.0,11187.034258500002,80.10536224168303,860.0,1.0,0.0,0.0,0.0,0.0,0.0,0.0,0.0,5122.640000000001,1792.9240000000002,1024.5280000000002,1792.9240000000002,512.2640000000001,2.02,0.0,0.0,0.0,0.0,0.0,0.0,5982.640000000001,0.0,0.0,5204.3942585,37.266345815372276,0.041666666666666664,5204.3525918333335,0.0,5204.3525918333335,37.26604745895809,5204.3942585,0.0,0.0,0.0,0.0,0.0,52470.552039,0.0,7.851769965013825,851.3724702054795,213.44333333333338,0.0,3.988751753965046,2.7856110874952384,0.0,0.0,0.09,0.91,46.31480520350026,0.0,0.0,0.0
22,4195.735960758817,2765.4257425742576,1430.3102181845597,231.91020397853492,0.0,0.0,27.0,19.0,8.0,0.0,1.0,0.0,0.0,1.0,162.0,80.0,58.0,24.0,12.0,1147.841095890411,1.0,30.0,0.0,773.0,0.0,15463.800000000001,0.0,0.0,5592.0,5794.200000000001,4077.6000000000004,15463.800000000001,185565.6,95.45555555555556,0.0,0.0,0.0,927.828,0.06,445.70537550000006,850.5090000000001,77.319,2301.3613755,13162.4386245,200.0,261.0,312.0,773.0,0.0,0.0,773.0,12389.4386245,80.1189786760046,860.0,1.0,0.0,0.0,0.0,0.0,0.0,0.0,0.0,5586.160000000001,1955.1560000000002,1117.2320000000002,1955.1560000000002,558.6160000000001,2.02,0.0,0.0,0.0,0.0,0.0,0.0,6446.160000000001,0.0,0.0,5943.2786245,38.43349386632005,0.041666666666666664,5943.236957833333,0.0,5943.236957833333,38.4332244198278,5943.2786245,0.0,0.0,0.0,0.0,0.0,58413.830663500004,0.0,8.091499656954548,864.158375148218,206.89481481481485,0.0,4.17680054438145,2.7052848006947245,0.0,0.0,0.0885,0.9115,49.16286789069457,0.0,0.0,0.0
23,4564.79651011081,3062.138613861386,1502.6578962494239,252.73693441643158,0.0,0.0,30.0,21.0,9.0,0.0,1.0,0.0,0.0,1.0,179.0,88.0,64.0,27.0,14.0,1336.377777777778,1.0,30.0,0.0,859.0,0.0,17132.100000000002,0.0,0.0,6151.200000000001,6393.6,4587.3,17132.100000000002,205585.2,95.7100558659218,0.0,0.0,0.0,1027.9260000000002,0.06,493.7899522500001,942.2655000000002,85.66050000000001,2549.6419522500005,14582.458047750002,220.0,288.0,351.0,859.0,0.0,0.0,859.0,13723.458047750002,80.10377039446419,860.0,1.0,0.0,0.0,0.0,0.0,0.0,0.0,0.0,6185.52,2164.932,1237.1040000000003,2164.932,618.5520000000001,2.02,0.0,0.0,0.0,0.0,0.0,0.0,7045.52,0.0,0.0,6677.938047750002,38.97909799586741,0.041666666666666664,6677.896381083335,0.0,6677.896381083335,38.97885478769873,6677.938047750002,0.0,0.0,0.0,0.0,0.0,65091.768711250006,0.0,8.234752864342175,881.2340620143841,206.18400000000003,0.0,4.274017683304155,2.689332081723454,0.0,0.0,0.087,0.913,49.76751998787456,0.0,0.0,0.0
24,5036.518157126358,3392.495049504951,1644.0231076214077,278.96586825235755,0.0,0.0,32.0,23.0,9.0,0.0,1.0,0.0,0.0,1.0,197.0,97.0,70.0,30.0,15.0,1435.650837988827,1.0,30.0,0.0,947.5,0.0,18870.3,0.0,0.0,6780.3,6993.0,5097.0,18870.3,226443.59999999998,95.78832487309644,0.0,0.0,0.0,1132.2179999999998,0.06,543.88922175,1037.8665,94.3515,2808.3252217500003,16061.974778249998,242.5,315.0,390.0,947.5,0.0,0.0,947.5,15114.474778249998,80.0966321587362,860.0,1.0,0.0,0.0,0.0,0.0,0.0,0.0,0.0,6852.840000000001,2398.494,1370.5680000000002,2398.494,685.2840000000001,2.02,0.0,0.0,0.0,0.0,0.0,0.0,7712.840000000001,0.0,0.0,7401.634778249997,39.223726057614336,500.0416666666667,6901.59311158333,0.0,6901.59311158333,36.573838845081056,7401.634778249997,-12000.0,0.0,0.0,-12000.0,0.0,60493.4034895,4598.365221750003,2.927996513585933,897.3476283581202,214.15125000000003,0.0,4.190251648580712,2.791218144788531,0.0,0.0,0.08549999999999999,0.9145,49.36959258886267,0.0,0.0,0.0
25,5530.835792476523,3736.6930693069307,1794.1427231695925,306.4353341782816,0.0,0.0,36.0,26.0,10.0,0.0,1.0,0.0,0.0,1.0,218.0,108.0,77.0,33.0,16.0,1532.613197969543,1.0,30.0,0.0,1045.5,0.0,20848.2,0.0,0.0,7549.200000000001,7692.3,5606.7,20848.2,250178.40000000002,95.63394495412844,0.0,0.0,0.0,1250.892,0.06,600.8972445,1146.6510000000003,104.241,3102.6812445000005,17745.5187555,270.0,346.5,429.0,1045.5,0.0,0.0,1045.5,16700.0187555,80.10292857656776,860.0,1.0,0.0,0.0,0.0,0.0,0.0,0.0,0.0,7548.12,2641.8419999999996,1509.624,2641.8419999999996,754.812,2.02,0.0,0.0,0.0,0.0,0.0,0.0,8408.119999999999,0.0,0.0,8291.898755500002,39.772732204698734,500.0,7791.898755500002,0.0,7791.898755500002,37.37444362343033,8291.898755500002,0.0,0.0,0.0,0.0,0.0,68785.302245,0.0,7.276080723045776,911.9713169233291,209.67,0.0,4.34955557267768,2.737006506950566,0.0,0.0,0.08399999999999999,0.916,50.25428257750681,0.0,0.0,0.0
26,5517.230792097904,4128.3564356435645,1388.8743564543395,308.8883910900437,0.0,0.0,36.0,28.0,8.0,0.0,1.0,0.0,0.0,1.0,238.0,117.0,85.0,36.0,17.0,1625.7770642201835,2.0,60.0,0.0,1143.0,0.0,22786.200000000004,0.0,0.0,8178.300000000001,8491.5,6116.400000000001,22786.200000000004,273434.4,95.7403361344538,0.0,0.0,0.0,1367.1720000000003,0.06,656.7552495000001,1253.2410000000004,113.93100000000003,3391.0992495000005,19395.100750500005,292.5,382.5,468.0,1143.0,0.0,0.0,1143.0,18252.100750500005,80.10155598783474,860.0,1.0,0.0,0.0,0.0,0.0,0.0,0.0,0.0,8339.28,2918.748,1667.8560000000002,2918.748,833.9280000000001,2.02,0.0,0.0,0.0,0.0,0.0,0.0,9199.28,0.0,0.0,9052.820750500005,39.729400911516635,500.0,8552.820750500005,0.0,8552.820750500005,37.53509032001827,9052.820750500005,0.0,0.0,0.0,0.0,0.0,77838.1229955,0.0,7.526205343067486,929.5696842627964,231.64666666666668,0.0,4.012877446669337,3.0205786950390556,0.0,0.0,0.08249999999999999,0.9175,49.025167452512996,0.0,0.0,0.0
27,6784.899629477917,4512.118811881189,2272.7808175967284,375.34193196894535,0.0,0.0,44.0,31.0,13.0,0.0,1.0,0.0,0.0,1.0,264.0,130.0,94.0,40.0,19.0,1819.066386554622,2.0,60.0,0.0,1268.0,0.0,25273.6,0.0,0.0,9087.0,9390.6,6796.0,25273.6,303283.19999999995,95.73333333333333,0.0,0.0,0.0,1516.416,0.06,728.448336,1390.048,126.368,3761.280336,21512.319664,325.0,423.0,520.0,1268.0,0.0,0.0,1268.0,20244.319664,80.10065706507976,860.0,1.0,1.0,0.0,0.0,0.0,8500.0,0.0,0.0,9114.480000000001,3190.068,1822.8960000000004,3190.068,911.4480000000002,2.02,0.0,0.0,0.0,0.0,0.0,0.0,18474.480000000003,0.0,0.0,1769.8396639999955,7.002720878703451,500.0,1269.8396639999955,0.0,1269.8396639999955,5.024371929602413,1769.8396639999955,0.0,0.0,0.0,0.0,0.0,79607.9626595,0.0,4.032318262928467,946.7040621025067,207.14727272727276,0.0,4.570198051069319,2.7013444219243588,0.0,0.0,0.08099999999999999,0.919,17.91897720928948,0.0,0.0,0.0
28,7085.9993041069865,5004.6732673267325,2081.326036780254,394.3373513439632,0.0,0.0,46.0,34.0,12.0,0.0,1.0,0.0,0.0,1.0,291.0,143.0,104.0,44.0,20.0,1914.6666666666667,2.0,60.0,0.0,1397.5,0.0,27860.9,0.0,0.0,9995.7,10389.6,7475.6,27860.9,334330.80000000005,95.74192439862543,0.0,0.0,0.0,1671.654,0.06,803.0207902500001,1532.3495000000003,139.30450000000002,4146.328790250001,23714.57120975,357.5,468.0,572.0,1397.5,0.0,0.0,1397.5,22317.07120975,80.10175984892807,860.0,1.0,1.0,0.0,0.0,0.0,8500.0,0.0,0.0,10109.44,3538.304,2021.8880000000001,3538.304,1010.9440000000001,2.02,0.0,0.0,0.0,0.0,0.0,0.0,19469.440000000002,0.0,0.0,2847.6312097499977,10.220887371728828,500.0,2347.6312097499977,0.0,2347.6312097499977,8.426257621792539,2847.6312097499977,0.0,0.0,0.0,0.0,0.0,82455.59386925,0.0,3.9514942712851044,964.6662434783551,219.7704347826087,0.0,4.389426832742895,2.865662609607972,0.0,0.0,0.07949999999999999,0.9205,20.45805184374707,0.0,0.0,0.0
29,7785.873161145086,5517.0099009901,2268.8632601549857,433.42973726517505,0.0,0.0,51.0,38.0,13.0,0.0,2.0,0.0,0.0,1.0,322.0,159.0,115.0,48.0,22.0,2106.322336769759,2.0,60.0,0.0,1539.0,0.0,30757.8,0.0,0.0,11114.1,11488.5,8155.200000000001,30757.8,369093.6,95.52111801242236,0.0,0.0,0.0,1845.4679999999998,0.06,886.5166905000001,1691.679,153.789,4577.452690499999,26180.3473095,397.5,517.5,624.0,1539.0,0.0,0.0,1539.0,24641.3473095,80.1141411593157,860.0,1.0,1.0,0.0,0.0,0.0,8500.0,0.0,0.0,11144.36,3900.526,2228.8720000000003,3900.526,1114.4360000000001,2.02,0.0,0.0,0.0,0.0,0.0,0.0,20504.36,0.0,0.0,4136.9873095,13.450205507220932,500.0,3636.9873095000003,0.0,3636.9873095000003,11.82460159536768,4136.9873095,0.0,0.0,0.0,0.0,0.0,86592.58117875,0.0,3.9282841263196717,981.1015810439563,218.51686274509805,0.0,4.489820916880087,2.8554619566923876,0.0,0.0,0.07799999999999999,0.922,23.847931352401805,0.0,0.0,0.0
30,8230.13827471036,6090.653465346535,2139.4848093638243,460.23214145829024,0.0,0.0,54.0,42.0,12.0,0.0,2.0,0.0,0.0,1.0,354.0,174.0,127.0,53.0,24.0,2292.506832298137,3.0,90.0,0.0,1695.5,0.0,33854.600000000006,0.0,0.0,12162.6,12687.300000000001,9004.7,33854.600000000006,406255.20000000007,95.63446327683617,0.0,0.0,0.0,2031.2760000000003,0.06,975.7742085000002,1862.0030000000006,169.27300000000002,5038.3262085000015,28816.273791500003,435.0,571.5,689.0,1695.5,0.0,0.0,1695.5,27120.773791500003,80.10956795088407,860.0,1.0,1.0,0.0,0.0,0.0,8500.0,0.0,0.0,12303.12,4306.092,2460.6240000000003,4306.092,1230.3120000000001,2.02,0.0,0.0,0.0,0.0,0.0,0.0,21663.120000000003,0.0,0.0,5457.653791500001,16.120863313995734,500.0,4957.653791500001,0.0,4957.653791500001,14.643959141446066,5457.653791500001,0.0,0.0,0.0,0.0,0.0,92050.23497024999,0.0,3.9407394345320905,1001.4686972969981,227.83555555555557,0.0,4.395576866196371,2.973874834350951,0.0,0.0,0.07649999999999998,0.9235,26.189203702450065,0.0,0.0,0.0
31,9043.730532381418,6703.881188118814,2339.849344262603,505.81757612402134,0.0,0.0,60.0,46.0,14.0,0.0,2.0,0.0,0.0,1.0,390.0,192.0,140.0,58.0,26.0,2486.4960451977404,3.0,90.0,0.0,1864.0,0.0,37261.0,0.0,0.0,13420.800000000001,13986.0,9854.2,37261.0,447132.0,95.54102564102564,0.0,0.0,0.0,2235.66,0.06,1073.9551725,2049.3550000000005,186.305,5545.275172500001,31715.7248275,480.0,630.0,754.0,1864.0,0.0,0.0,1864.0,29851.7248275,80.11520041732642,860.0,1.0,1.0,0.0,0.0,0.0,8500.0,0.0,0.0,13541.840000000004,4739.644000000001,2708.368000000001,4739.644000000001,1354.1840000000004,2.02,0.0,0.0,0.0,0.0,0.0,0.0,22901.840000000004,0.0,0.0,6949.884827499995,18.651900988969686,500.0,6449.884827499995,0.0,6449.884827499995,17.310015371299738,6949.884827499995,0.0,0.0,0.0,0.0,0.0,99000.11979774998,0.0,3.9974464745694056,1020.5717889743589,225.6973333333334,0.0,4.521860200568129,2.9486389985382844,0.0,0.0,0.075,0.925,28.713753735716047,0.0,0.0,0.0
32,9754.62384912693,7378.415841584159,2376.208007542771,546.7585191890198,0.0,0.0,65.0,51.0,14.0,0.0,2.0,0.0,0.0,1.0,429.0,212.0,153.0,64.0,28.0,2675.148717948718,3.0,90.0,0.0,2050.5,0.0,40977.1,0.0,0.0,14818.800000000001,15284.7,10873.6,40977.1,491725.19999999995,95.51771561771561,0.0,0.0,0.0,2458.6259999999997,0.06,1181.0624647500001,2253.7405000000003,204.8855,6098.31446475,34878.78553525,530.0,688.5,832.0,2050.5,0.0,0.0,2050.5,32828.28553525,80.11373556266793,860.0,1.0,1.0,0.0,0.0,0.0,8500.0,0.0,0.0,14904.400000000001,5216.54,2980.8800000000006,5216.54,1490.4400000000003,2.02,0.0,0.0,0.0,0.0,0.0,0.0,24264.4,0.0,0.0,8563.885535249996,20.899198662789694,500.0,8063.885535249996,0.0,8063.885535249996,19.679004944835032,8563.885535249996,0.0,0.0,0.0,0.0,0.0,107564.00533299998,0.0,4.087570362532253,1041.1266681017394,229.29846153846157,0.0,4.540486931819667,2.9964720483003715,0.0,0.0,0.0735,0.9265,30.872360950436292,0.0,0.0,0.0
33,10340.32584750517,8114.277227722772,2226.0486197823984,581.9305101970407,0.0,0.0,69.0,56.0,13.0,0.0,2.0,0.0,0.0,1.0,470.0,231.0,169.0,70.0,30.0,2865.5314685314684,4.0,120.0,0.0,2248.0,0.0,44923.0,0.0,0.0,16146.900000000001,16883.100000000002,11893.0,44923.0,539076.0,95.58085106382978,0.0,0.0,0.0,2695.38,0.06,1294.7931675000002,2470.7650000000003,224.615,6685.5531675,38237.4468325,577.5,760.5,910.0,2248.0,0.0,0.0,2248.0,35989.4468325,80.11363184226342,860.0,1.0,1.0,0.0,0.0,0.0,8500.0,0.0,0.0,16390.84,5736.794,3278.168,5736.794,1639.084,2.02,0.0,0.0,0.0,0.0,0.0,0.0,25750.84,0.0,0.0,10238.606832499998,22.791458345390996,500.0,9738.606832499998,0.0,9738.606832499998,21.678442740912224,10238.606832499998,0.0,0.0,0.0,0.0,0.0,117802.61216549997,0.0,4.207410455772452,1063.5179324024823,237.54840579710145,0.0,4.477057755171259,3.102235809409969,0.0,0.0,0.072,0.928,32.420983128745604,0.0,0.0,0.0
34,11537.492127121692,8895.643564356436,2641.848562765255,648.0397548709361,0.0,0.0,76.0,61.0,15.0,0.0,3.0,0.0,0.0,1.0,516.0,254.0,185.0,77.0,33.0,3154.168085106383,4.0,120.0,0.0,2468.5,0.0,49318.40000000001,0.0,0.0,17754.600000000002,18481.5,13082.300000000001,49318.40000000001,591820.8,95.57829457364343,0.0,0.0,0.0,2959.1040000000003,0.06,1421.4795840000004,2712.5120000000006,246.59200000000004,7339.687584000001,41978.71241600001,635.0,832.5,1001.0,2468.5,0.0,0.0,2468.5,39510.21241600001,80.11251868673762,7290.0,2.0,1.0,0.0,0.0,0.0,8500.0,0.0,0.0,17969.2,6289.22,3593.84,6289.22,1796.92,2.02,0.0,0.0,1.0,0.0,0.0,0.0,33760.2,0.0,0.0,5750.012416000012,11.658959771606563,500.0,5250.012416000012,0.0,5250.012416000012,10.64513937191801,5750.012416000012,0.0,0.0,0.0,0.0,0.0,123552.62458149999,0.0,3.41035214019548,1086.1018312166698,236.43684210526317,0.0,4.5936234875490785,3.0878449663031997,0.0,0.0,0.0705,0.9295,21.443257347458598,0.0,0.0,0.0
35,12554.044307561016,9766.0198019802,2788.024505580817,705.8303737938924,0.0,0.0,83.0,67.0,16.0,0.0,3.0,0.0,0.0,1.0,567.0,279.0,203.0,85.0,35.0,3345.24031007752,5.0,150.0,0.0,2716.0,0.0,54223.3,0.0,0.0,19502.100000000002,20279.7,14441.5,54223.3,650679.6000000001,95.63192239858907,0.0,0.0,0.0,3253.398,0.06,1562.8510642500003,2982.2815000000005,271.11650000000003,8069.647064250001,46153.652935750004,697.5,913.5,1105.0,2716.0,0.0,0.0,2716.0,43437.652935750004,80.10883316904356,7290.0,2.0,1.0,0.0,0.0,0.0,8500.0,0.0,0.0,19727.360000000004,6904.576000000001,3945.472000000001,6904.576000000001,1972.7360000000006,2.02,0.0,0.0,1.0,0.0,0.0,0.0,35518.36,0.0,0.0,7919.292935750003,14.60496306154366,500.0,7419.292935750003,0.0,7419.292935750003,13.682850242884523,7919.292935750003,0.0,0.0,0.0,0.0,0.0,131471.91751725,0.0,3.4385803114593783,1110.2843068207962,237.67903614457836,0.0,4.671359850792304,3.102469962944582,0.0,0.0,0.06899999999999999,0.931,24.55033841840843,0.0,0.0,0.0
36,13787.045318164228,10737.287128712873,3049.758189451355,775.2505629379143,0.0,0.0,92.0,74.0,18.0,0.0,3.0,0.0,0.0,1.0,624.0,307.0,223.0,94.0,38.0,3634.0130511463844,5.0,150.0,0.0,2993.0,0.0,59707.6,0.0,0.0,21459.300000000003,22277.7,15970.6,59707.6,716491.2,95.68525641025641,0.0,0.0,0.0,3582.4559999999997,0.06,1720.9223010000003,3283.9180000000006,298.538,8885.834301,50821.765698999996,767.5,1003.5,1222.0,2993.0,0.0,0.0,2993.0,47828.765698999996,80.10498780557248,7290.0,2.0,1.0,0.0,0.0,0.0,8500.0,0.0,0.0,21689.320000000003,7591.262000000001,4337.8640000000005,7591.262000000001,2168.9320000000002,2.02,0.0,0.0,1.0,0.0,0.0,0.0,37480.32000000001,0.0,0.0,10348.445698999989,17.331873495166427,500.0,9848.445698999989,0.0,9848.445698999989,16.494459162652642,10348.445698999989,0.0,0.0,0.0,0.0,0.0,141820.36321624997,0.0,3.5040457075488236,1135.535747839506,235.7534782608696,0.0,4.816623517991092,3.0757676533111624,0.0,0.0,0.0675,0.9325,27.44616015791103,0.0,0.0,0.0
